name,email,postalZip,region,country
Elaine Baxter,sem.ut@aol.couk,2585,Limpopo,France
Merrill Hubbard,velit.cras@icloud.net,455693,North Island,Pakistan
Rhoda Sutton,magnis@google.net,32563,Stockholms län,Vietnam
Barclay Day,magna@hotmail.com,44653,Burgenland,Mexico
Brynn Christensen,sem.nulla@protonmail.couk,61365,Gilgit Baltistan,Canada
Lee Norman,neque.pellentesque@protonmail.couk,12701,Limón,Belgium
Shelley Roach,interdum.enim@yahoo.com,30641,Jigawa,United States
Dolan Bean,amet@aol.org,328880,Drenthe,United Kingdom
Hayes Hall,id.risus@protonmail.org,7946,New South Wales,Pakistan
Veronica Todd,faucibus@google.com,81163,Rivne oblast,Belgium
Cedric Sampson,cras@aol.net,A1C 7R8,Brussels Hoofdstedelijk Gewest,United States
Dacey Lawrence,sagittis.augue.eu@yahoo.ca,275628,Niger,New Zealand
Minerva Merrill,aenean@aol.org,2860,North Region,Chile
Garrison Richard,vivamus.nisi@icloud.com,85856-053,Burgenland,Turkey
Todd Woods,ridiculus.mus.proin@outlook.edu,20207,Manitoba,Singapore
Amy Roman,aliquet.phasellus.fermentum@yahoo.ca,60538,Kentucky,France
Bernard King,suspendisse@yahoo.com,13-44,Antofagasta,Singapore
Chase Howard,pellentesque.tellus.sem@hotmail.edu,571342,Cusco,Austria
Deborah Watson,duis@hotmail.com,31733,Limburg,Canada
Hector Singleton,nec.tempus.mauris@protonmail.org,46436-046,Møre og Romsdal,Netherlands
Zelenia Thompson,faucibus.lectus.a@protonmail.net,37-94,Wigtownshire,Mexico
Hedda Hickman,mollis.duis.sit@icloud.net,745402,Ulster,Belgium
Brock Walls,a.feugiat.tellus@outlook.org,6572,Rogaland,Peru
Eleanor Robertson,nulla.facilisi@protonmail.edu,22771,La Guajira,Spain
Camilla Harrington,lorem.luctus@yahoo.net,I2N 3J9,North West,Mexico
Jonah Young,nulla@icloud.net,63324,Zhōngnán,South Africa
Jennifer Quinn,mattis.cras.eget@yahoo.ca,5636,Voronezh Oblast,Russian Federation
Illiana Maynard,auctor@aol.ca,536885,Lubelskie,Norway
Ursa Frank,tellus@icloud.ca,13-15,Đồng Tháp,South Africa
Raymond Harrison,feugiat.lorem@outlook.net,9930,Warmińsko-mazurskie,United States
Ursula Duncan,vehicula.pellentesque@google.edu,b6T 2K6,Maule,Norway
Sierra Richard,velit.cras.lorem@google.couk,317671,Bengkulu,South Africa
Inez Patel,enim.etiam.imperdiet@aol.couk,6964-5227,North Region,Indonesia
Althea Giles,ligula@google.couk,427708,Arkansas,Germany
Sharon Vaughan,donec.est@google.org,H9I 2UJ,Prince Edward Island,India
Christine Randall,class.aptent@aol.org,06374,Salzburg,Sweden
Amber Barber,velit@aol.net,7168,Kerala,Indonesia
Shana Franco,ullamcorper.magna@hotmail.ca,467557,Minas Gerais,United Kingdom
Kitra Snyder,feugiat@hotmail.edu,64133,Magadan Oblast,Australia
Brenda Grimes,erat.etiam@google.com,218266,Jammu and Kashmir,Germany
Laura Parsons,felis.eget@yahoo.ca,51801,Sokoto,South Korea
Lillith Aguirre,ipsum.sodales@aol.couk,50506,Rogaland,Chile
Sarah Jimenez,ante.ipsum@aol.com,61675,O'Higgins,Brazil
Signe Moss,quisque.porttitor@outlook.couk,882019,South Gyeongsang,United States
Graham Mays,per.conubia.nostra@icloud.org,9741,Ontario,Belgium
Hiram Woodward,purus.in.molestie@protonmail.couk,5053,Schleswig-Holstein,Italy
Celeste Sears,vel@google.couk,50117,South Island,South Africa
Cally Downs,et.netus@aol.edu,41218,North Island,Nigeria
Fay Kramer,eu.elit@outlook.net,522557,Borno,Pakistan
Cassandra Morales,magna@google.couk,2378,Paraíba,Costa Rica
Rafael Britt,convallis.erat@yahoo.couk,952925,Noord Holland,Colombia
Hamish Hartman,et.euismod.et@yahoo.net,114368,Punjab,Germany
Anika Steele,semper@outlook.couk,881724,Azad Kashmir,Mexico
Lenore Alford,enim.nunc@yahoo.org,06342,Caraga,Canada
Zena Chang,pretium@yahoo.couk,50204,Pará,Spain
Suki Gaines,porttitor@aol.com,G5 4JI,Los Ríos,Russian Federation
Rowan Beach,sem.magna@google.ca,17673,Cusco,China
Anjolie Walters,aliquet.lobortis@outlook.net,5267,Renfrewshire,Ireland
Wynter Mendez,eu.elit.nulla@google.net,1959,Oslo,Spain
Athena Kelley,neque.nullam@outlook.edu,N2Z 5B3,Kujawsko-pomorskie,Germany
Maxine Hahn,tempor.augue.ac@google.org,87-556,Oaxaca,Turkey
Jade Chang,nibh.vulputate.mauris@yahoo.ca,899178,Ninh Thuận,Mexico
Allen Brewer,curabitur.vel.lectus@aol.org,3326,Sardegna,Spain
Raymond Wolfe,natoque.penatibus.et@outlook.com,5111,Kano,Chile
Sharon Tanner,pretium.et.rutrum@icloud.com,349855,West-Vlaanderen,Mexico
Ruby Stephenson,arcu.sed.et@icloud.edu,ZW2 1IU,Lorraine,Indonesia
Austin Mosley,tempor.augue@hotmail.com,21315,Utrecht,New Zealand
Aline Allen,nunc.laoreet.lectus@yahoo.edu,0494 PU,Balochistan,India
Rooney Conrad,dictum.phasellus@protonmail.edu,50208,Ivano-Frankivsk oblast,Ireland
Camille Owen,ornare@outlook.couk,878076,East Region,Australia
Quamar Sharp,condimentum.eget@outlook.edu,54212,Central Visayas,Chile
Myra Simpson,non.lacinia@icloud.com,75-754,North Sulawesi,Costa Rica
Kuame Tate,tincidunt.congue@google.edu,05452,Dōngběi,Pakistan
Murphy Jenkins,sed.diam@yahoo.com,6352,Jeju,Brazil
Rooney Baker,proin.non.massa@icloud.org,41513,Bayern,South Korea
Margaret Scott,mauris.sapien@aol.com,394148,Papua,Belgium
Brett Holman,ut@protonmail.org,7140 SX,Zhōngnán,Belgium
Aurelia Snyder,curae@protonmail.net,65832,North Island,Russian Federation
Brittany Burgess,tristique.neque@yahoo.org,29169,Monmouthshire,Mexico
Daquan Sargent,elit.pharetra@yahoo.ca,134247,Illes Balears,China
Orson Cooke,convallis.convallis@yahoo.edu,45590,Berlin,Philippines
Brenden Marquez,mattis.ornare.lectus@google.com,17-868,Gävleborgs län,Turkey
Gabriel Burton,elit.elit.fermentum@aol.edu,25083,Alabama,Russian Federation
Francis Herring,nunc.commodo.auctor@outlook.edu,21797,Donetsk oblast,South Korea
Nicholas Gallegos,orci.in@yahoo.com,3781,Samsun,Vietnam
Alana Cole,sed@protonmail.net,12602,South Island,Germany
Myles Mitchell,nec@aol.ca,4763 WX,North Island,China
Aphrodite Duke,nunc@google.edu,74794-226,Vorarlberg,Mexico
Alisa Fitzgerald,nec.urna.et@yahoo.org,98483,Luxemburg,Spain
Melodie Bennett,eget.ipsum.suspendisse@aol.edu,57584-51939,Mersin,Australia
Bernard Terry,cum.sociis.natoque@yahoo.net,4721,Western Visayas,Turkey
Wendy Morse,quis.arcu.vel@protonmail.com,25663,Orkney,Russian Federation
Elmo Herrera,odio@outlook.edu,4489-1741,Mississippi,Costa Rica
McKenzie Good,pellentesque.tellus@hotmail.net,06118,West Region,Peru
Yoshi Craft,eu.augue@icloud.ca,53682,Goa,Germany
Michelle Gutierrez,felis.orci@icloud.net,63-578,Vaupés,Sweden
David Walker,ut.dolor@yahoo.com,62228-292,Västra Götalands län,Russian Federation
Derek Morse,varius.nam@yahoo.net,322923,Östergötlands län,Nigeria
Serina Hatfield,parturient@hotmail.com,07501,Antioquia,China
Kermit Velazquez,vel.arcu.eu@aol.couk,72325,Namen,Indonesia
Gil Howell,libero@yahoo.ca,583377,Brandenburg,Brazil
Diana Davis,ipsum.suspendisse@protonmail.org,347731,Sikkim,Russian Federation
Whitney Rosales,dignissim@hotmail.com,5861,Limpopo,Pakistan
Reed Ball,eu.ultrices@google.couk,17567,KwaZulu-Natal,France
Valentine Conley,non.magna@google.couk,04761,KwaZulu-Natal,Netherlands
Fulton Salazar,ligula@yahoo.edu,62-35,Northern Territory,Australia
Riley Cochran,fusce.feugiat@aol.edu,8678,Michigan,Germany
Shay Mcintyre,sed.est@google.ca,50212,Pernambuco,Italy
Brody Stein,pharetra.nam@outlook.net,69-360,Kujawsko-pomorskie,Turkey
Charles Charles,nec.diam@aol.org,5494 BS,Florida,Indonesia
Reese Smith,primis.in@google.com,4671,Leinster,Spain
Aphrodite Hartman,vitae@icloud.net,41516,Katsina,Canada
Amy Whitney,lorem.ipsum@yahoo.com,6796,Viken,Germany
Tate Graves,fringilla.cursus@google.com,84074,Henegouwen,Italy
Thomas Perkins,eros.proin@aol.net,02374,Stirlingshire,Ukraine
Calista Marsh,ut.pellentesque.eget@yahoo.couk,33252,Stockholms län,Pakistan
Kiona Lewis,phasellus.in.felis@icloud.ca,R5R 2G5,Azad Kashmir,South Korea
Ivan Pope,odio.phasellus@yahoo.net,7256,Pays de la Loire,United Kingdom
Macy Donaldson,aliquam@google.couk,6287,Bolívar,Ukraine
James Bentley,nisl.elementum.purus@outlook.ca,7615,Bicol Region,India
Anjolie Fuentes,sed.dolor@aol.org,27257,Zuid Holland,Chile
Francis Wells,mi.fringilla@aol.edu,17564-47211,Kostroma Oblast,United States
Beverly Lopez,sagittis.lobortis.mauris@protonmail.com,959528,Zhōngnán,New Zealand
Vivien Oneal,at.arcu@yahoo.edu,947387,Cartago,Singapore
Herman Nixon,nunc.nulla.vulputate@protonmail.net,23347,East Region,Ireland
Candace Wiggins,natoque@aol.com,70823,Heredia,Poland
Rebecca Chang,vel.quam.dignissim@protonmail.couk,43940-88471,Osun,New Zealand
Mark Waller,nibh.phasellus@outlook.couk,50-558,Tamaulipas,Netherlands
Sonya Benton,semper.rutrum.fusce@google.ca,35138,Mississippi,Mexico
Kuame Brock,suspendisse.sagittis@yahoo.net,8274,West Region,South Korea
Eaton Simpson,porttitor.interdum.sed@outlook.org,273264,Rio de Janeiro,Philippines
Guinevere Houston,dignissim.pharetra@protonmail.couk,G29 3UR,Limburg,Philippines
Haley Duffy,dolor.nulla@hotmail.couk,26855,Antofagasta,Australia
Yuri Robertson,natoque.penatibus@google.couk,638021,Cusco,Netherlands
Leila Foster,nisi.aenean@hotmail.net,2433,Free State,Germany
Kaye Lambert,enim@protonmail.ca,925392,Paraná,New Zealand
Breanna Goodman,arcu.curabitur.ut@google.couk,23944,North Island,Chile
Mollie Rojas,aliquet.phasellus@hotmail.net,627821,Noord Holland,Poland
Rhiannon Mcgowan,fusce.aliquet.magna@yahoo.ca,879740,Northern Territory,United States
Lavinia Hubbard,velit@yahoo.com,2151,Caldas,France
Alfonso Blackburn,neque.vitae.semper@icloud.com,87-155,Małopolskie,Peru
Quyn Bonner,augue@hotmail.org,927682,Schleswig-Holstein,Vietnam
Neville Hines,integer@hotmail.org,14-72,Pomorskie,Poland
Alden Burt,venenatis.vel@hotmail.net,824156,Tamaulipas,Germany
Abel Jacobson,varius.ultrices@icloud.couk,27481,North Chungcheong,Nigeria
Liberty Bernard,porttitor.eros.nec@google.com,86675,Dalarnas län,Ukraine
Ursa Bishop,sit@aol.ca,28244,Arequipa,Chile
Karly William,lectus.quis@outlook.net,86365,Kent,South Africa
Graham Carroll,at@google.org,57-92,North-East Region,Brazil
Anthony Sutton,urna@yahoo.net,165785,Cherkasy oblast,Netherlands
Chase Kline,suspendisse@protonmail.ca,51313,South Island,United Kingdom
Nola Williams,arcu.sed@protonmail.edu,666621,New Brunswick,China
Camden Bartlett,maecenas.malesuada@aol.com,85673,Northern Cape,Pakistan
Keegan Frost,risus.morbi@outlook.couk,27-115,North West,Ukraine
Keegan Daugherty,sociis.natoque@yahoo.ca,31317,Chiapas,Poland
Candice Mays,in.consectetuer.ipsum@hotmail.org,20687,Nova Scotia,Nigeria
Kylan Phelps,feugiat.metus@google.org,97966,Huádōng,Russian Federation
Rahim Schroeder,enim@outlook.net,375294,South Jeolla,Singapore
Cailin Kim,pellentesque.massa@protonmail.net,4117,Connecticut,United Kingdom
Kenneth Beasley,parturient.montes@hotmail.edu,13084,Cartago,Chile
Adrian Cohen,at.lacus@hotmail.com,33455,Galicia,Austria
Benjamin Tyler,duis@yahoo.org,44778,Östergötlands län,United Kingdom
Wang O'donnell,velit.dui.semper@yahoo.net,7887,Lakshadweep,United States
Russell Justice,eu.arcu@outlook.org,2118,Central Region,New Zealand
Eleanor Johns,elit.erat.vitae@protonmail.net,40720,Lipetsk Oblast,Australia
Shafira Riggs,accumsan.convallis@google.couk,373329,Dalarnas län,Philippines
Reed Clements,libero.est@aol.ca,42321-84685,Diyarbakır,Australia
Urielle Nicholson,ultrices.a.auctor@yahoo.com,121733,Uttar Pradesh,Vietnam
Randall Hoover,sed@aol.ca,472645,Midi-Pyrénées,Ireland
Ivana Keith,urna.justo@google.org,3375,Huáběi,United States
Eagan Weaver,sed.diam@icloud.org,VW4N 2XS,Henegouwen,France
Nathan Kramer,ipsum.curabitur@hotmail.ca,710192,Lambayeque,India
Elmo Reynolds,proin.velit.sed@google.couk,11047,North-East Region,Poland
Lillian Thornton,justo.nec@aol.edu,5747,İzmir,New Zealand
Abdul Knowles,nec.metus.facilisis@hotmail.couk,537508,Riau Islands,Pakistan
Yvette Savage,ut.nec.urna@icloud.edu,4848,Quảng Ngãi,Mexico
MacKenzie Rivas,in.dolor.fusce@outlook.ca,39933,Andalucía,Brazil
Cara Carter,ipsum@hotmail.ca,B7R 6H9,Lima,Indonesia
Amity Mcfadden,nunc.sit.amet@hotmail.edu,53382,Central Kalimantan,France
Allegra Petty,sit.amet@protonmail.org,89450,Zuid Holland,Singapore
Guy Mills,interdum.ligula.eu@aol.org,31-657,Ankara,France
Allistair Avery,malesuada.id@hotmail.org,9171,Bắc Kạn,Philippines
Jakeem Mcdonald,nec@hotmail.couk,12825-49994,Leinster,Nigeria
Quinn Albert,ridiculus@aol.ca,45263,Banten,Pakistan
Germane Paul,mi.fringilla@yahoo.net,626134,North Gyeongsang,Costa Rica
Hilary Francis,id.sapien.cras@google.com,90471-04775,Vestfold og Telemark,Colombia
Kessie Meyer,dignissim.tempor@yahoo.edu,763822,Chihuahua,Spain
Destiny Maldonado,dui.suspendisse@protonmail.org,6448,Wisconsin,South Korea
Kirsten Holt,sit.amet.orci@protonmail.com,57734-54341,Gävleborgs län,India
Idola Romero,orci.consectetuer@protonmail.couk,03621,Zaporizhzhia oblast,Pakistan
Leo Johns,malesuada.augue@yahoo.org,23298,Xīběi,Brazil
Malcolm Calderon,mauris.suspendisse@icloud.com,OJ75 8HY,Nairnshire,Brazil
Yetta Hurst,arcu.vestibulum@icloud.ca,565280,Hamburg,United States
Serena Bird,aliquet.nec@aol.com,8237,Oregon,Austria
Ross Velasquez,vel.venenatis@hotmail.edu,2736,Lạng Sơn,Vietnam
Athena Gomez,eget@google.net,23144,Hamburg,Vietnam
Mira Sexton,lobortis@yahoo.couk,373700,Cantabria,India
Peter Hester,turpis.egestas@aol.org,16-41,South Island,Vietnam
Kelly Nelson,amet.nulla@aol.couk,55379,Hải Dương,New Zealand
Rylee Hamilton,mollis.vitae@outlook.net,466786,Şanlıurfa,Ireland
Dara Matthews,amet@outlook.ca,93-784,Special Region of Yogyakarta,Singapore
Myra Garcia,fringilla.purus@aol.couk,58033-472,Limpopo,United States
Paloma Deleon,ac.metus.vitae@outlook.net,43868,Zuid Holland,Nigeria
Owen Hickman,ante.iaculis@hotmail.ca,2786,Vlaams-Brabant,Italy
Francis Larsen,amet.consectetuer.adipiscing@icloud.couk,33364,Noord Holland,Norway
Bert English,mi.fringilla.mi@protonmail.org,18400,Soccsksargen,Ukraine
Ina Guy,blandit.congue.in@aol.com,W96 4KL,Mecklenburg-Vorpommern,Austria
Carla Guzman,semper@protonmail.com,21077,Puebla,New Zealand
Janna Graves,et.magnis@outlook.net,50214,Zeeland,Mexico
Charity Mendoza,id.risus@google.com,556779,Eastern Cape,Philippines
Nyssa Carson,et.pede@yahoo.org,06573,Campania,Sweden
Ishmael Middleton,at.sem@hotmail.com,5811,Bremen,Australia
Hayes Drake,et@icloud.edu,99398,Voronezh Oblast,Singapore
Daquan Banks,suscipit.est@aol.org,477956,Manitoba,Singapore
Kyle Britt,gravida@yahoo.ca,59736,Abruzzo,Italy
Alan Johns,feugiat.placerat@yahoo.net,23325,Lakshadweep,France
Norman Beck,habitant.morbi.tristique@icloud.ca,93114-338,Principado de Asturias,Indonesia
Myra Rodgers,cras.lorem@icloud.org,2743 BE,Limón,Austria
Basil Pope,amet.consectetuer@protonmail.couk,38711,Poltava oblast,Philippines
Illana Sharpe,phasellus.nulla@aol.ca,672883,Luhansk oblast,Mexico
Joelle Fowler,ligula.elit@hotmail.com,07393,Huáběi,Colombia
Herrod Ware,aliquam.tincidunt@protonmail.edu,L8M 5C0,Quảng Trị,Turkey
Ali Torres,donec.fringilla.donec@hotmail.ca,0287 HB,Balochistan,Germany
Rinah Bradley,nulla.tincidunt@aol.ca,16852-164,Renfrewshire,Poland
Fay French,tincidunt.dui@icloud.edu,28148,Emilia-Romagna,Australia
Gregory Bell,pede@hotmail.couk,55768,Valparaíso,Spain
Sandra English,vitae.diam@protonmail.org,94-17,Puglia,Colombia
Joseph Parks,eros.nam@google.net,447181,Alajuela,Netherlands
Demetria Workman,faucibus@google.couk,75726-110,Nariño,Canada
Kim O'brien,ornare@outlook.couk,338576,Guanacaste,Australia
Dora Wood,duis.gravida@google.couk,533186,Punjab,United States
Brandon York,etiam@icloud.couk,23602,Zhōngnán,Spain
Kuame Wong,massa.non@google.couk,582126,Belgorod Oblast,Poland
Martina England,augue.eu.tempor@aol.org,I4E 4M7,North West,Philippines
Ebony Bartlett,litora.torquent.per@aol.edu,58889-521,Amazonas,Norway
Kamal Tate,lobortis.tellus.justo@icloud.edu,305641,Southeast Sulawesi,South Korea
Aretha Strong,sem@hotmail.net,04921,Khmelnytskyi oblast,Belgium
Ciaran Nichols,orci.phasellus@yahoo.ca,73343,Vestfold og Telemark,Vietnam
Barbara Walton,nunc.risus@hotmail.edu,37438,Lima,Colombia
Claire Trujillo,vitae.mauris.sit@aol.edu,44Z 8X4,Free State,China
Kelly Cooke,vitae@protonmail.net,56832,North Island,Canada
Stuart Santos,urna@outlook.net,8888,Biobío,Ireland
Armand Steele,id.blandit.at@outlook.com,55773,Auvergne,New Zealand
Harrison Duran,feugiat.non.lobortis@google.ca,84-841,Thái Bình,United Kingdom
Nora Lynch,bibendum.sed@protonmail.org,50300,Toscana,China
Nell Matthews,gravida.molestie@icloud.ca,24747,Agder,Italy
Tobias Gross,eleifend.nunc.risus@hotmail.ca,485067,North Island,United States
Colorado Campos,vivamus.rhoncus.donec@yahoo.org,14478,Azad Kashmir,Peru
Abigail Johnson,massa@google.com,40561,Antalya,Belgium
Michael Hoffman,ornare.facilisis@yahoo.edu,250731,Lambayeque,India
Hedwig Houston,vulputate.mauris@icloud.com,804511,North-East Region,United Kingdom
Byron Joseph,donec.at@icloud.edu,18612,Samsun,Nigeria
Bell Hull,pharetra.nibh@outlook.edu,967119,West Sulawesi,China
Kiayada Shields,ultricies.ornare@aol.edu,34304,Zhōngnán,Brazil
Mufutau Collier,id.magna@icloud.net,5466,Magdalena,Nigeria
Galvin Tyler,magna.cras@yahoo.org,654312,Dnipropetrovsk oblast,Costa Rica
Kuame Munoz,fringilla.est@outlook.couk,2773,North-East Region,Italy
Thane Sampson,eu@yahoo.edu,4528,Rivne oblast,South Africa
Amena Solis,malesuada.integer@protonmail.couk,9383,West Sumatra,Colombia
Tyler Gibbs,velit@hotmail.edu,846584,Kano,United States
Tucker Jacobs,dictum.eu@outlook.edu,L43 0JT,Puno,Ukraine
Kellie Dawson,magnis@icloud.com,5496-4567,Stockholms län,Chile
Marsden Cherry,ipsum.ac.mi@google.net,2743,Queensland,Netherlands
Ralph Wolfe,eu.placerat@outlook.com,5729,Limón,France
Clare Pickett,et.tristique.pellentesque@icloud.net,773832,Piura,Chile
Harding Barron,risus.at.fringilla@outlook.edu,JV64 3XV,Vlaams-Brabant,Vietnam
Gabriel Chambers,lacus.cras@icloud.org,221887,Sląskie,France
Quin Joseph,morbi@google.ca,266207,Abruzzo,Turkey
Brennan Bartlett,nec.diam@icloud.edu,11359,Limousin,Russian Federation
Porter Blackburn,feugiat.nec@icloud.com,613487,Quebec,South Korea
Nadine Dudley,hendrerit@yahoo.com,676556,Principado de Asturias,Australia
Cain Bishop,arcu@protonmail.edu,25877,Molise,Peru
Wang Hopkins,sodales.nisi.magna@aol.couk,2687,Xīběi,France
Geraldine Moses,senectus.et@google.org,450737,Lambayeque,United Kingdom
Elvis Key,orci.donec.nibh@yahoo.edu,758463,Gyeonggi,South Africa
Kimberley Wong,aenean.sed@aol.ca,12715,Diyarbakır,United Kingdom
Aurelia Fuller,in.hendrerit.consectetuer@protonmail.ca,Z0N 7W0,Mpumalanga,Costa Rica
Brittany Brady,natoque.penatibus@icloud.com,56-71,Mpumalanga,Chile
Ariel Dejesus,ligula.donec@icloud.ca,63-52,Mykolaiv oblast,Netherlands
Reed Gaines,non.egestas@google.org,02054,Western Cape,Turkey
Noble Macias,pede.cum@icloud.com,34617,Euskadi,Chile
Sigourney Berry,varius.orci.in@protonmail.edu,24456,Moscow City,Peru
Demetria Bartlett,fringilla.porttitor@google.ca,8528 EG,Tennessee,Vietnam
Lara Morse,accumsan.convallis.ante@google.net,B6 1GL,Katsina,South Africa
Shaeleigh Schroeder,facilisis.non.bibendum@hotmail.edu,20976,Emilia-Romagna,Germany
Dacey Steele,ut.cursus@google.net,46688,Zhytomyr oblast,Indonesia
Halla Allen,cursus.in@hotmail.couk,41690,Brussels Hoofdstedelijk Gewest,South Korea
Buckminster English,orci@hotmail.com,84040,Quảng Nam,Poland
Marny Booker,est@google.couk,35463,Guanacaste,Chile
Leo Curry,cursus.integer.mollis@protonmail.couk,KQ81 6KV,Virginia,India
Vladimir Farrell,aenean@outlook.net,6528-6675,Trà Vinh,Peru
Clark Sims,nibh.vulputate@hotmail.couk,13834,Sicilia,United States
Rhea Greene,in.lorem.donec@google.net,219124,Benue,Ukraine
Virginia Herman,lorem.sit@protonmail.couk,2817,Western Cape,Australia
Noel Guerra,mauris.ut@aol.ca,16583,Tarapacá,France
Frances Hanson,mauris@icloud.edu,2195,Omsk Oblast,Belgium
Doris Mclean,posuere@aol.edu,117462,Trøndelag,Nigeria
Hunter Higgins,donec.sollicitudin@hotmail.edu,3493-2043,Berwickshire,Italy
Carol Wong,amet@aol.net,72278,Puno,Germany
Judah Powell,dis.parturient@icloud.edu,228336,Zamboanga Peninsula,Mexico
Fiona Pena,turpis@yahoo.com,767457,West Lothian,Nigeria
Mufutau Diaz,nam.porttitor.scelerisque@outlook.edu,7772,Pays de la Loire,Nigeria
Brittany Jimenez,condimentum@hotmail.edu,489446,Ancash,France
Hunter Sloan,eleifend.nunc@outlook.net,2016,Shropshire,Norway
Walker Dejesus,auctor.velit@google.org,260181,Dnipropetrovsk oblast,Singapore
Shelly Kent,lorem.ipsum@hotmail.edu,9332,Sindh,South Korea
Wyoming Maddox,aliquam.erat@hotmail.couk,3868,Central Java,Ireland
Chester Case,nonummy.ultricies.ornare@aol.org,05573,Banten,Ireland
Nathan Morales,eu.euismod@aol.org,65542,West Kalimantan,Italy
Clinton Johnston,a.neque.nullam@google.com,127668,Madrid,Austria
Keefe Barber,nunc.ac.mattis@yahoo.edu,R0K 6Y9,Volgograd Oblast,United States
Macey Barnes,pretium.et@protonmail.edu,6450,Florida,Colombia
Hasad Barnes,curabitur@outlook.ca,42-62,Prince Edward Island,Norway
Wade Clay,facilisis.non@yahoo.com,754867,Đắk Nông,Pakistan
Rudyard David,mollis.non@aol.couk,48663,Salzburg,New Zealand
Jacob Howard,dictum@hotmail.couk,44484-31560,Junín,Vietnam
Dolan Garza,semper.rutrum.fusce@icloud.net,558883,Vlaams-Brabant,Ukraine
Colette Hooper,velit.eget@protonmail.couk,338406,Trentino-Alto Adige,Turkey
Chava Monroe,amet.consectetuer@aol.edu,27884,Gävleborgs län,Pakistan
Delilah Kelley,nunc.id@hotmail.couk,8347-8733,Umbria,South Africa
Ruby Bray,eros.turpis@hotmail.net,286395,KwaZulu-Natal,Philippines
Melanie Best,non@outlook.couk,83492,Akwa Ibom,Peru
Jennifer Hardy,dolor@aol.ca,255651,Berlin,Vietnam
Samson Russo,condimentum.donec@icloud.com,30817,Wisconsin,South Korea
Harrison Irwin,egestas.rhoncus@yahoo.couk,79936,South Gyeongsang,Vietnam
Sydnee Mcclain,vestibulum@hotmail.org,57986-90197,Zamboanga Peninsula,Ireland
Kimberly Daugherty,in.hendrerit@protonmail.ca,B7P 1P4,Friesland,Norway
Venus Buckner,nulla.eget@google.edu,625222,Kostroma Oblast,Sweden
Beau Rogers,tellus.justo.sit@outlook.com,181621,Balochistan,Colombia
Shelley Olsen,mi.pede.nonummy@outlook.edu,6312,Northern Territory,Ireland
Suki Jones,eu.dolor.egestas@protonmail.com,65155-79998,Piura,Russian Federation
Davis Sexton,venenatis.lacus.etiam@google.net,89853,Cauca,Italy
Dora Gentry,tempus.mauris.erat@yahoo.org,216681,La Libertad,Pakistan
Clark Elliott,nulla.in@outlook.net,3885 FZ,Los Ríos,Russian Federation
Lesley Garcia,arcu.iaculis@protonmail.net,6951,Antioquia,Vietnam
Galena Walsh,ornare.sagittis@outlook.org,65658-755,Connacht,Italy
Ross Mcclain,etiam.ligula@yahoo.net,6474,Maranhão,Poland
Nola Singleton,adipiscing.mauris@icloud.com,53731,Zaporizhzhia oblast,Spain
Deacon Vang,consectetuer.adipiscing@protonmail.com,874487,Dōngběi,Germany
Daquan Hyde,proin.vel@aol.net,216438,Lambayeque,Brazil
Cecilia Booth,interdum.ligula@aol.couk,4624,Zhōngnán,Russian Federation
Keefe Alston,libero.integer@aol.com,135391,Loreto,Ireland
Benedict Moran,tincidunt.donec@hotmail.edu,2324-4142,Vologda Oblast,Russian Federation
Vivian Ortiz,nunc@icloud.ca,93100,Vorarlberg,Norway
Lila Hopkins,consequat.purus@protonmail.com,N8L 7C9,Junín,Brazil
Raya James,dui.in@hotmail.edu,54347,Hessen,Costa Rica
Chester Wilkerson,porta.elit.a@yahoo.com,4215-1760,Kursk Oblast,South Africa
Ignatius Dillon,fringilla.purus@hotmail.com,496490,Kaduna,France
Ignacia Abbott,euismod.enim.etiam@google.ca,388748,Oslo,Italy
Mallory Workman,phasellus@icloud.org,89319,Cajamarca,Mexico
Wynne Buck,ac.turpis@protonmail.edu,39800,Anambra,India
Iola Lee,commodo.ipsum.suspendisse@icloud.edu,75474,Agder,Germany
Harriet Blevins,phasellus.at@yahoo.com,78662,Ryazan Oblast,Ireland
Pamela Luna,cursus.in@aol.com,427756,Utrecht,South Africa
Dorian Downs,pharetra.nibh.aliquam@aol.org,77437,Guaviare,Sweden
Yoshi West,sed.sem@yahoo.ca,451148,Limousin,Singapore
Violet Richard,metus.in@google.net,08156,Limón,Peru
Germane Ward,duis@outlook.ca,6454 KQ,Nova Scotia,Poland
Abbot Noel,per@protonmail.couk,78560,Hessen,Russian Federation
Shaeleigh Graham,nunc.ullamcorper@google.edu,35166,Samsun,Netherlands
Alexandra Becker,diam.duis@icloud.edu,461020,Xīběi,Peru
Hanna Nelson,faucibus.morbi@aol.ca,66671,Devon,Australia
Quinlan Castaneda,dui.in.sodales@outlook.ca,75-932,Newfoundland and Labrador,Colombia
Aurelia Daniel,sapien.cras.dolor@icloud.org,GN8U 6AS,Davao Region,Turkey
Cadman Haney,duis.dignissim@hotmail.com,FW9 7SU,La Rioja,Italy
Leslie Austin,dictum.mi.ac@protonmail.net,54-62,Kahramanmaraş,Ireland
Jolie Morse,sit@yahoo.edu,691671,Gävleborgs län,Peru
Renee Hines,mauris.blandit@google.edu,25628,Noord Brabant,South Africa
Erin Koch,ac.mattis@aol.edu,12253,North Region,United Kingdom
Russell Carpenter,phasellus.vitae@hotmail.ca,34-42,Oyo,Singapore
Iona Shepard,quam.pellentesque@hotmail.couk,1442,Dōngběi,Austria
Darrel Osborn,penatibus@hotmail.couk,9168,Eastern Cape,New Zealand
Wyatt Sparks,ac@icloud.org,336601,Kocaeli,Canada
Jillian Wall,sit.amet@google.couk,6764-2632,Antwerpen,Poland
Avram Gregory,etiam.laoreet.libero@protonmail.com,46-56,Limousin,Peru
Quintessa Chaney,per@protonmail.ca,461773,Limburg,Belgium
Jermaine Rodriquez,nec.mollis@google.org,11916,Connecticut,Turkey
Vivian Fry,lectus.a.sollicitudin@protonmail.edu,17803,Van,Brazil
Camden Mathews,elementum@yahoo.couk,45694,South Australia,Turkey
Carson Joseph,accumsan@outlook.ca,0332,Bắc Ninh,Turkey
Melinda Kelley,rutrum@yahoo.org,514376,Córdoba,Australia
Garth Irwin,pharetra@google.com,3322,Antwerpen,South Africa
Jarrod Fuentes,mi.tempor@protonmail.ca,UC6X 8JE,Niger,United States
Kyle Dickerson,ullamcorper.duis@yahoo.com,2255,Brussels Hoofdstedelijk Gewest,Norway
Lee Holt,arcu.morbi@hotmail.com,58672,Podkarpackie,Nigeria
Chaney Rowland,dolor@hotmail.net,2268,Leinster,Ireland
Emerald Schwartz,dui@hotmail.edu,26654,Donetsk oblast,Chile
Brendan Ochoa,nec.diam@google.edu,59726,Central Region,Spain
Kelly Horn,placerat.eget@icloud.com,126803,Paraná,Singapore
Hayfa Watkins,porttitor.scelerisque@icloud.net,936655,Piura,Ukraine
Daria Cardenas,rhoncus.donec@aol.com,8353-2254,Limón,Italy
Adrian Trevino,egestas.a@yahoo.org,S12 1RJ,Puebla,Spain
Edan Rhodes,donec.nibh@google.edu,25885,Zeeland,United States
Imelda Burt,urna@hotmail.org,12438,Anambra,United States
Cecilia Hernandez,vel.arcu@outlook.couk,87807,Noord Brabant,Costa Rica
Ethan Woodard,ullamcorper.viverra@protonmail.edu,688606,West Sulawesi,China
Cyrus Hendricks,ornare.facilisis@outlook.couk,62721-632,Jambi,New Zealand
Valentine Mcguire,fringilla.purus.mauris@outlook.edu,442157,Dalarnas län,Austria
David Suarez,sit.amet.consectetuer@protonmail.edu,30782,Kostroma Oblast,Spain
Briar Hughes,eleifend.cras.sed@hotmail.com,558483,Central Region,Canada
Garrison Walsh,in.magna@hotmail.ca,26362-31673,Special Capital Region of Jakarta,Sweden
Lewis Mcmillan,felis@yahoo.ca,46397,Nunavut,China
Zoe Mercer,at@yahoo.com,1882,Southwestern Tagalog Region,Mexico
Simon Kim,eu.tellus@aol.com,330738,Khyber Pakhtoonkhwa,Singapore
Ezra Cameron,ipsum@aol.com,M5X 0H2,Tasmania,Poland
Jael Lawson,vehicula.aliquet@aol.com,27514,Balıkesir,Belgium
Laurel Myers,ligula.aliquam@hotmail.com,55723,Magdalena,Spain
Ryder Lawrence,sed.dolor.fusce@outlook.net,95-730,Eastern Cape,Indonesia
Beverly Burns,et.nunc@yahoo.ca,616433,Lazio,New Zealand
Thomas May,euismod.urna@hotmail.ca,282552,Huntingdonshire,Ireland
Inga Williams,sollicitudin.a@icloud.net,793778,Guanajuato,Russian Federation
Phillip James,accumsan@outlook.edu,574429,Friuli-Venezia Giulia,Vietnam
Halla Warren,purus.mauris@outlook.com,321477,Gyeonggi,Ukraine
Armand Park,nisi.a@protonmail.com,65122-266,Gauteng,New Zealand
Allegra Page,libero@aol.edu,34-13,Östergötlands län,Australia
Ishmael Mcgee,lorem@icloud.couk,2835,Cantabria,Norway
Martha Harrison,mus.aenean@hotmail.ca,51412,Adana,Vietnam
Lev Merrill,euismod.ac@icloud.couk,R9Z 5N5,Bicol Region,Poland
Nicholas Sargent,lacinia.mattis@google.edu,625404,Dorset,Colombia
Phyllis Avila,tortor.at@aol.net,16512-25566,Chiapas,Philippines
Juliet Arnold,suspendisse.sagittis.nullam@outlook.org,50808,Western Visayas,Brazil
Mikayla Patton,elementum.sem.vitae@aol.com,73377,Saarland,Mexico
Orson Melendez,rutrum.fusce@hotmail.org,12424,Wigtownshire,Ireland
Kiona Sargent,in@yahoo.com,2356-2885,Sonora,Brazil
Leo Robertson,nulla.ante.iaculis@yahoo.couk,6181,Mpumalanga,France
Bell Valencia,a.purus.duis@protonmail.com,472798,Bangsamoro,Belgium
Jade Daugherty,interdum@yahoo.net,6806,Western Cape,Singapore
Zahir Hardin,eget.dictum@google.net,13286,Waals-Brabant,Russian Federation
Zeph Baldwin,penatibus.et@outlook.com,23-67,Piemonte,Netherlands
Omar Conway,adipiscing@aol.edu,51381,Alberta,Philippines
Florence Potts,eu.eleifend@google.com,5324,Lima,New Zealand
Ivan Gilliam,purus.ac.tellus@yahoo.org,4367,Catalunya,Indonesia
Ira Klein,adipiscing@protonmail.couk,28707,Limousin,France
Eaton Wiley,dictum@yahoo.edu,38863,Washington,Turkey
Colorado Stokes,semper@hotmail.ca,53259,Tamil Nadu,India
Stacey Hopper,lorem.eget@google.com,516503,Central Region,New Zealand
Jared Church,mauris@yahoo.com,928691,Worcestershire,India
Fletcher Browning,erat.volutpat.nulla@aol.edu,52125,Baden Württemberg,India
Xander White,posuere.vulputate.lacus@aol.couk,44573,Lào Cai,United Kingdom
Plato Park,nonummy.ultricies@yahoo.com,194788,Puno,Pakistan
Germaine Bradshaw,odio.vel@outlook.com,31-968,Vorarlberg,Nigeria
Aaron Long,consectetuer.euismod@protonmail.edu,33-47,South Island,Singapore
Andrew Morrison,eu@yahoo.net,37535,Piemonte,Mexico
Victor Ryan,vestibulum.ante@outlook.com,1753,Gävleborgs län,Ukraine
Elijah Gordon,ut.semper@outlook.couk,23519,Extremadura,France
Orlando Randolph,cursus.nunc.mauris@protonmail.couk,663277,Gilgit Baltistan,South Africa
Gillian Crane,lectus.pede@protonmail.org,18866-193,Innlandet,Ukraine
Willa Howard,turpis.egestas@protonmail.net,8689,South Chungcheong,India
Todd Farmer,sit.amet@google.net,6750,Niger,Spain
Rhiannon Torres,pede.et.risus@yahoo.net,21417,Istanbul,South Korea
Raja Riddle,ut.cursus.luctus@google.ca,275662,Magallanes y Antártica Chilena,Australia
Sylvia Hunter,sed.hendrerit@google.couk,681676,Ceará,Russian Federation
Tyler Hatfield,id.erat@hotmail.org,176619,Overijssel,China
Cailin Dillon,aliquet@protonmail.ca,8598-5640,Illes Balears,Italy
Colton Guerrero,a@google.ca,29086,Namen,Philippines
Lawrence Buck,sapien@outlook.ca,488078,Khyber Pakhtoonkhwa,Pakistan
Phillip Meyer,risus.at@outlook.net,3430,Tyrol,New Zealand
Beck Combs,dui@hotmail.ca,8155-4328,Querétaro,Colombia
Ivory Alvarado,semper@hotmail.ca,289827,Limón,South Korea
Carol Vargas,rutrum.eu@aol.couk,50511,Brussels Hoofdstedelijk Gewest,Colombia
Wallace Klein,lobortis.tellus@aol.edu,55323,Mecklenburg-Vorpommern,Singapore
Latifah Burgess,aenean.euismod.mauris@outlook.ca,5174,Puntarenas,Russian Federation
Ainsley Carson,nulla@outlook.ca,1787,Amazonas,Turkey
Ignacia Baxter,maecenas@protonmail.org,36163,Ogun,Colombia
Felix Gardner,nam.ac@google.org,R2T 2S3,İzmir,Austria
Clark Spencer,metus.in@aol.ca,4431,Huádōng,Pakistan
Jennifer Juarez,in.sodales@protonmail.net,957622,Saskatchewan,United States
Ariana Wilcox,lacus.cras.interdum@hotmail.net,48-32,Stockholms län,Mexico
Owen Mccormick,est.mollis@outlook.edu,87-83,Manitoba,Turkey
Vernon Solis,cursus.diam.at@google.net,40719,Punjab,South Korea
Noelani Wright,nulla.vulputate.dui@google.ca,72360,Tolima,Philippines
Lilah Holt,urna.vivamus.molestie@protonmail.edu,62-43,Northern Cape,Nigeria
Emerson Osborn,sagittis.semper@outlook.com,64803,Dalarnas län,Nigeria
Leo Daniel,mattis@icloud.edu,77976,Biobío,Peru
Melinda Gibbs,magnis@icloud.edu,4464,Wyoming,Sweden
Alisa Ingram,vestibulum@yahoo.net,3246,Sikkim,India
Cairo Ward,in@aol.edu,2582,Friuli-Venezia Giulia,Ireland
Lana Michael,phasellus.at.augue@icloud.couk,620443,Castilla y León,United States
Jerry Cruz,ullamcorper.duis.at@hotmail.couk,3923,Innlandet,Chile
Inez Bright,nulla.aliquet.proin@protonmail.ca,1875,Île-de-France,Indonesia
Colton Velez,per.conubia@yahoo.couk,252917,Michoacán,France
Norman Patrick,arcu.eu@outlook.edu,41-826,Connacht,Austria
Cullen Valdez,nulla@aol.edu,28148,FATA,France
Hayes Marks,praesent.luctus.curabitur@google.edu,81-86,Rio de Janeiro,Netherlands
Stephen Pacheco,sed@aol.org,5110,Khmelnytskyi oblast,United Kingdom
Risa Boyd,arcu.curabitur@hotmail.edu,10214,North Island,Netherlands
Helen Payne,nisl.arcu@hotmail.ca,543448,Cagayan Valley,Peru
Hayden Stuart,quis.diam@google.ca,694327,Michoacán,Netherlands
Jennifer Trujillo,tellus.aenean@aol.couk,73248,Sląskie,Austria
Tanek Reyes,vestibulum.nec@outlook.ca,9790,Madrid,Vietnam
Nayda Hurley,cursus.nunc@icloud.ca,2656,Limpopo,Brazil
Mufutau Fletcher,suspendisse.eleifend@icloud.edu,11816,Møre og Romsdal,Turkey
Cairo Benson,pede.sagittis.augue@aol.couk,572408,Banten,New Zealand
Keane Albert,elementum@hotmail.org,4907,Coahuila,Australia
Dorothy Ellison,natoque.penatibus@yahoo.edu,51768,North Island,United States
Hammett Pena,feugiat.metus@yahoo.net,643978,Bauchi,Ukraine
Tarik Reilly,etiam.laoreet@google.com,65832-44781,Bourgogne,Russian Federation
Troy Soto,at.risus@protonmail.edu,5715,Arizona,Italy
Ursa Walsh,sed@protonmail.org,42126,Murmansk Oblast,Peru
Brandon Franco,neque.sed@protonmail.edu,522947,Southwestern Tagalog Region,Austria
